{"cameraMode":{"drawMode":0,"name":"Shaded","section":"Shading Mode"},"sceneLighting":true,"audioPlay":false,"sceneViewState":{"showFog":true,"showMaterialUpdate":false,"showSkybox":true,"showFlares":true,"showImageEffects":true,"showParticleSystems":true},"in2DMode":false,"pivot":{"x":-14.32632064819336,"y":4.059573173522949,"z":-0.23309481143951417},"rotation":{"x":0.298679381608963,"y":-0.30587881803512576,"z":0.10170049220323563,"w":0.8982784748077393},"size":26.0996036529541,"orthographic":true}