{"cameraMode":{"drawMode":0,"name":"Shaded","section":"Shading Mode"},"sceneLighting":true,"audioPlay":false,"sceneViewState":{"showFog":true,"showMaterialUpdate":false,"showSkybox":true,"showFlares":true,"showImageEffects":true,"showParticleSystems":true},"in2DMode":false,"pivot":{"x":69.29447937011719,"y":-1.4851560592651368,"z":62.58627700805664},"rotation":{"x":0.35698461532592776,"y":-0.18593142926692964,"z":0.07273273169994354,"w":0.912531852722168},"size":31.98627281188965,"orthographic":true}