{"cameraMode":{"drawMode":0,"name":"Shaded","section":"Shading Mode"},"sceneLighting":true,"audioPlay":false,"sceneViewState":{"showFog":true,"showMaterialUpdate":false,"showSkybox":true,"showFlares":true,"showImageEffects":true,"showParticleSystems":true},"in2DMode":false,"pivot":{"x":46.75922775268555,"y":-3.286181688308716,"z":54.46953201293945},"rotation":{"x":0.35698461532592776,"y":-0.18593142926692964,"z":0.07273273169994354,"w":0.912531852722168},"size":42.396820068359378,"orthographic":true}