{"cameraMode":{"drawMode":0,"name":"Shaded","section":"Shading Mode"},"sceneLighting":true,"audioPlay":false,"sceneViewState":{"showFog":true,"showMaterialUpdate":false,"showSkybox":true,"showFlares":true,"showImageEffects":true,"showParticleSystems":true},"in2DMode":false,"pivot":{"x":45.4595947265625,"y":7.703147888183594,"z":27.88956069946289},"rotation":{"x":0.2925930321216583,"y":-0.17794741690158845,"z":0.05551031604409218,"w":0.9378973245620728},"size":102.753173828125,"orthographic":true}