{"cameraMode":{"drawMode":0,"name":"Shaded","section":"Shading Mode"},"sceneLighting":true,"audioPlay":false,"sceneViewState":{"showFog":true,"showMaterialUpdate":false,"showSkybox":true,"showFlares":true,"showImageEffects":true,"showParticleSystems":true},"in2DMode":false,"pivot":{"x":-23.311824798583986,"y":7.259375095367432,"z":-6.454691410064697},"rotation":{"x":0.2722058594226837,"y":-0.2509092688560486,"z":0.07375442236661911,"w":0.9260237812995911},"size":75.48715209960938,"orthographic":true}