{"cameraMode":{"drawMode":0,"name":"Shaded","section":"Shading Mode"},"sceneLighting":true,"audioPlay":false,"sceneViewState":{"showFog":true,"showMaterialUpdate":false,"showSkybox":true,"showFlares":true,"showImageEffects":true,"showParticleSystems":true},"in2DMode":false,"pivot":{"x":9.072612762451172,"y":2.6992688179016115,"z":20.25278091430664},"rotation":{"x":0.29830047488212588,"y":-0.3204984664916992,"z":0.10709512233734131,"w":0.8926635384559631},"size":47.944698333740237,"orthographic":true}