{"cameraMode":{"drawMode":0,"name":"Shaded","section":"Shading Mode"},"sceneLighting":true,"audioPlay":false,"sceneViewState":{"showFog":true,"showMaterialUpdate":false,"showSkybox":true,"showFlares":true,"showImageEffects":true,"showParticleSystems":true},"in2DMode":false,"pivot":{"x":1.020458698272705,"y":-1.8037164211273194,"z":-0.4291227161884308},"rotation":{"x":0.169997438788414,"y":0.17749816179275514,"z":-0.031146755442023279,"w":0.9688320755958557},"size":74.42208099365235,"orthographic":true}