{"cameraMode":{"drawMode":0,"name":"Shaded","section":"Shading Mode"},"sceneLighting":true,"audioPlay":false,"sceneViewState":{"showFog":true,"showMaterialUpdate":false,"showSkybox":true,"showFlares":true,"showImageEffects":true,"showParticleSystems":true},"in2DMode":false,"pivot":{"x":27.195613861083986,"y":-12.1083984375,"z":32.529029846191409},"rotation":{"x":0.35698461532592776,"y":-0.18593142926692964,"z":0.07273273169994354,"w":0.912531852722168},"size":29.606287002563478,"orthographic":true}