{"cameraMode":{"drawMode":0,"name":"Shaded","section":"Shading Mode"},"sceneLighting":true,"audioPlay":false,"sceneViewState":{"showFog":true,"showMaterialUpdate":false,"showSkybox":true,"showFlares":true,"showImageEffects":true,"showParticleSystems":true},"in2DMode":false,"pivot":{"x":-28.57851791381836,"y":-3.962885618209839,"z":9.081755638122559},"rotation":{"x":0.2221997082233429,"y":-0.42537766695022585,"z":0.10857024788856507,"w":0.8705733418464661},"size":16.568134307861329,"orthographic":true}