{"cameraMode":{"drawMode":0,"name":"Shaded","section":"Shading Mode"},"sceneLighting":true,"audioPlay":false,"sceneViewState":{"showFog":true,"showMaterialUpdate":false,"showSkybox":true,"showFlares":true,"showImageEffects":true,"showParticleSystems":true},"in2DMode":false,"pivot":{"x":15.162898063659668,"y":15.539285659790039,"z":-6.87684440612793},"rotation":{"x":0.3613508343696594,"y":0.08653455972671509,"z":-0.03370273858308792,"w":0.9277946352958679},"size":46.772525787353519,"orthographic":true}