{"cameraMode":{"drawMode":0,"name":"Shaded","section":"Shading Mode"},"sceneLighting":true,"audioPlay":false,"sceneViewState":{"showFog":true,"showMaterialUpdate":false,"showSkybox":true,"showFlares":true,"showImageEffects":true,"showParticleSystems":true},"in2DMode":false,"pivot":{"x":25.135299682617189,"y":-1.588769793510437,"z":8.927715301513672},"rotation":{"x":0.29081991314888,"y":-0.12923212349414826,"z":0.03967713937163353,"w":0.9471876621246338},"size":54.467315673828128,"orthographic":true}