{"cameraMode":{"drawMode":0,"name":"Shaded","section":"Shading Mode"},"sceneLighting":true,"audioPlay":false,"sceneViewState":{"showFog":true,"showMaterialUpdate":false,"showSkybox":true,"showFlares":true,"showImageEffects":true,"showParticleSystems":true},"in2DMode":false,"pivot":{"x":15.162898063659668,"y":15.539285659790039,"z":-6.87684440612793},"rotation":{"x":0.3568723499774933,"y":0.4398784041404724,"z":-0.1961202472448349,"w":0.8004292845726013},"size":46.772525787353519,"orthographic":true}