{"cameraMode":{"drawMode":0,"name":"Shaded","section":"Shading Mode"},"sceneLighting":true,"audioPlay":false,"sceneViewState":{"showFog":true,"showMaterialUpdate":false,"showSkybox":true,"showFlares":true,"showImageEffects":true,"showParticleSystems":true},"in2DMode":false,"pivot":{"x":-23.624008178710939,"y":19.15960121154785,"z":15.100051879882813},"rotation":{"x":0.12665212154388429,"y":0.8732962012290955,"z":-0.3377130925655365,"w":0.32751142978668215},"size":81.49673461914063,"orthographic":true}