{"cameraMode":{"drawMode":0,"name":"Shaded","section":"Shading Mode"},"sceneLighting":true,"audioPlay":false,"sceneViewState":{"showFog":true,"showMaterialUpdate":false,"showSkybox":true,"showFlares":true,"showImageEffects":true,"showParticleSystems":true},"in2DMode":false,"pivot":{"x":-4.54798698425293,"y":3.535482883453369,"z":1.0289463996887208},"rotation":{"x":0.2722058594226837,"y":-0.2509092688560486,"z":0.07375442236661911,"w":0.9260237812995911},"size":63.815956115722659,"orthographic":true}