{"cameraMode":{"drawMode":0,"name":"Shaded","section":"Shading Mode"},"sceneLighting":true,"audioPlay":false,"sceneViewState":{"showFog":true,"showMaterialUpdate":false,"showSkybox":true,"showFlares":true,"showImageEffects":true,"showParticleSystems":true},"in2DMode":false,"pivot":{"x":-6.42503547668457,"y":12.993106842041016,"z":-0.7301367521286011},"rotation":{"x":0.058743588626384738,"y":0.9382855892181397,"z":-0.2764236629009247,"w":0.1993982046842575},"size":45.95717239379883,"orthographic":true}