{"cameraMode":{"drawMode":0,"name":"Shaded","section":"Shading Mode"},"sceneLighting":true,"audioPlay":false,"sceneViewState":{"showFog":true,"showMaterialUpdate":false,"showSkybox":true,"showFlares":true,"showImageEffects":true,"showParticleSystems":true},"in2DMode":false,"pivot":{"x":-7.6883344650268559,"y":3.4993815422058107,"z":1.9136070013046265},"rotation":{"x":0.2775924801826477,"y":-0.1397339105606079,"z":0.040846746414899829,"w":0.9496105909347534},"size":54.467315673828128,"orthographic":true}