{"cameraMode":{"drawMode":0,"name":"Shaded","section":"Shading Mode"},"sceneLighting":true,"audioPlay":false,"sceneViewState":{"showFog":true,"showMaterialUpdate":false,"showSkybox":true,"showFlares":true,"showImageEffects":true,"showParticleSystems":true},"in2DMode":false,"pivot":{"x":-12.127964973449707,"y":9.878490447998047,"z":2.1590094566345217},"rotation":{"x":0.2775924801826477,"y":-0.1397339105606079,"z":0.040846746414899829,"w":0.9496105909347534},"size":75.48715209960938,"orthographic":true}