{"cameraMode":{"drawMode":0,"name":"Shaded","section":"Shading Mode"},"sceneLighting":true,"audioPlay":false,"sceneViewState":{"showFog":true,"showMaterialUpdate":false,"showSkybox":true,"showFlares":true,"showImageEffects":true,"showParticleSystems":true},"in2DMode":false,"pivot":{"x":-13.95383071899414,"y":3.6482396125793459,"z":1.78515625},"rotation":{"x":0.211050346493721,"y":-0.6592063903808594,"z":0.20066778361797334,"w":0.693292498588562},"size":9.972848892211914,"orthographic":true}