{"cameraMode":{"drawMode":0,"name":"Shaded","section":"Shading Mode"},"sceneLighting":true,"audioPlay":false,"sceneViewState":{"showFog":true,"showMaterialUpdate":false,"showSkybox":true,"showFlares":true,"showImageEffects":true,"showParticleSystems":true},"in2DMode":false,"pivot":{"x":0.1973307877779007,"y":-0.03399229049682617,"z":-0.19141319394111634},"rotation":{"x":-0.09300711005926132,"y":0.8802272081375122,"z":-0.19342771172523499,"w":-0.4232447147369385},"size":11.16002368927002,"orthographic":false}