{"cameraMode":{"drawMode":0,"name":"Shaded","section":"Shading Mode"},"sceneLighting":true,"audioPlay":false,"sceneViewState":{"showFog":true,"showMaterialUpdate":false,"showSkybox":true,"showFlares":true,"showImageEffects":true,"showParticleSystems":true},"in2DMode":false,"pivot":{"x":-2.786555767059326,"y":-15.0507230758667,"z":16.93764877319336},"rotation":{"x":0.35698461532592776,"y":-0.18593142926692964,"z":0.07273273169994354,"w":0.912531852722168},"size":29.606287002563478,"orthographic":true}